Workbook

Sheet Instructions
B2: How this workbook works
B5: This file has NO macros, so it opens and prints anywhere with no security prompts - safe to send to an employer.
B7: 1. Enter each visit in the Visit Log
B8: - One row per set visit. Row 2 is a shaded EXAMPLE - overwrite or delete it.
B9: - Give every visit a unique Visit ID (e.g. 2026-001, 2026-002...). That ID is how the form finds the visit.
B10: - Cells with a dropdown arrow (Phase, Crew Day, Role, Dept, Size, all Yes fields) - pick from the list.
B11: - Fill the three tracked fields especially: Location Visited, the Dept: columns you saw (Yes), and Proof of Visit.
B13: 2. Print / save a visit from the Visit Form
B14: - Pick a Visit ID in the yellow cell (top). The whole page-style form fills in automatically for that visit.
B15: - File > Save As (or Export) > PDF -> you get a clean one-page Field Visit Report for your employer.
B16: - Change the Visit ID to print a different visit. Nothing to retype.
B18: 3. Your tracked stats live in the Field Rep Summary
... B26: Source: IATSE Studio Mechanics Local 479 - Field Visit Report Form X-4 (2026).

Sheet Visit Form
A1: IATSE Studio Mechanics Local 479
A2: Field Visit Report - Form X-4 (2026)
B3: Show Visit ID: | D3: 2026-001 | E3: <- pick a visit; the whole form fills in automatically
A5: SECTION 1 - PRODUCTION VISIT DETAILS
A6: FIELD REPRESENTATIVE | D6: DATE OF VISIT | F6: L479 No.
A7: =IFERROR(INDEX('Visit Log'!$E$2:$E$300,MATCH($D$3,'Visit Log'!$A$2:$A$300,0)),"") | D7: =IFERROR(INDEX('Visit Log'!$B$2:$B$300,MATCH($D$3,'Visit Log'!$A$2:$A$300,0)),"") | F7: =IFERROR(INDEX('Visit Log'!$F$2:$F$300,MATCH($D$3,'Visit Log'!$A$2:$A$300,0)),"")
A8: PRODUCTION | F8: PHASE
A9: =IFERROR(INDEX('Visit Log'!$C$2:$C$300,MATCH($D$3,'Visit Log'!$A$2:$A$300,0)),"") | F9: =IFERROR(INDEX('Visit Log'!$H$2:$H$300,MATCH($D$3,'Visit Log'!$A$2:$A$300,0)),"")
A10: LOCATION VISITED | F10: CREW DAY
A11: =IFERROR(INDEX('Visit Log'!$D$2:$D$300,MATCH($D$3,'Visit Log'!$A$2:$A$300,0)),"") | F11: =IFERROR(INDEX('Visit Log'!$M$2:$M$300,MATCH($D$3,'Visit Log'!$A$2:$A$300,0)),"")
A12: REASON FOR VISIT | D12: ARRIVAL | F12: DEPARTURE / CREW CALL
A13: =IFERROR(INDEX('Visit Log'!$K$2:$K$300,MATCH($D$3,'Visit Log'!$A$2:$A$300,0)),"") | D13: =IFERROR(INDEX('Visit Log'!$I$2:$I$300,MATCH($D$3,'Visit Log'!$A$2:$A$300,0)),"") | F13: =IFERROR(INDEX('Visit Log'!$J$2:$J$300,MATCH($D$3,'Visit Log'!$A$2:$A$300,0)),"")&" / "&IFERROR(INDEX('Visit Log'!$L$2:$L$300,MATCH($D$3,'Visit Log'!$A$2:$A$300,0)),"")
A14: AREAS VISITED: | C14: =IF(IFERROR(INDEX('Visit Log'!$N$2:$N$300,MATCH($D$3,'Visit Log'!$A$2:$A$300,0)),"")="Yes","[X] Stage","[ ] Stage") | D14: =IF(IFERROR(INDEX('Visit Log'!$O$2:$O$300,MATCH($D$3,'Visit Log'!$A$2:$A$300,0)),"")="Yes","[X] Location","[ ] Location") | E14: =IF(IFERROR(INDEX('Visit Log'!$P$2:$P$300,MATCH($D$3,'Visit Log'!$A$2:$A$300,0)),"")="Yes","[X] Mill","[ ] Mill") | F14: =IF(IFERROR(INDEX('Visit Log'!$Q$2:$Q$300,MATCH($D$3,'Visit Log'!$A$2:$A$300,0)),"")="Yes","[X] Lockup","[ ] Lockup") | G14: =IF(IFERROR(INDEX('Visit Log'!$R$2:$R$300,MATCH($D$3,'Visit Log'!$A$2:$A$300,0)),"")="Yes","[X] Other","[ ] Other")
A15: WEATHER: | C15: =IF(IFERROR(INDEX('Visit Log'!$U$2:$U$300,MATCH($D$3,'Visit Log'!$A$2:$A$300,0)),"")="Yes","[X] Sunny","[ ] Sunny") | D15: =IF(IFERROR(INDEX('Visit Log'!$V$2:$V$300,MATCH($D$3,'Visit Log'!$A$2:$A$300,0)),"")="Yes","[X] Cloudy","[ ] Cloudy") | E15: =IF(IFERROR(INDEX('Visit Log'!$W$2:$W$300,MATCH($D$3,'Visit Log'!$A$2:$A$300,0)),"")="Yes","[X] Rain","[ ] Rain") | F15: =IF(IFERROR(INDEX('Visit Log'!$X$2:$X$300,MATCH($D$3,'Visit Log'!$A$2:$A$300,0)),"")="Yes","[X] Snow","[ ] Snow")
C16: =IF(IFERROR(INDEX('Visit Log'!$Y$2:$Y$300,MATCH($D$3,'Visit Log'!$A$2:$A$300,0)),"")="Yes","[X] Lightning","[ ] Lightning") | D16: =IF(IFERROR(INDEX('Visit Log'!$Z$2:$Z$300,MATCH($D$3,'Visit Log'!$A$2:$A$300,0)),"")="Yes","[X] Winds","[ ] Winds") | E16: =IF(IFERROR(INDEX('Visit Log'!$AA$2:$AA$300,MATCH($D$3,'Visit Log'!$A$2:$A$300,0)),"")="Yes","[X] Extreme Cold","[ ] Extreme Cold") | F16: =IF(IFERROR(INDEX('Visit Log'!$AB$2:$AB$300,MATCH($D$3,'Visit Log'!$A$2:$A$300,0)),"")="Yes","[X] Extreme Heat","[ ] Extreme Heat")
A18: SECTION 2 - UNION CREW & DEPARTMENTS SEEN
A19: DEPARTMENTS SEEN
A20: =IFERROR(INDEX('Field Rep Summary'!$E$2:$E$300,MATCH($D$3,'Visit Log'!$A$2:$A$300,0)),"")
A21: STEWARD 1 (name / status) | E21: STEWARD 2 (name / status)
A22: =IFERROR(INDEX('Visit Log'!$AC$2:$AC$300,MATCH($D$3,'Visit Log'!$A$2:$A$300,0)),"")&" - "&IFERROR(INDEX('Visit Log'!$AD$2:$AD$300,MATCH($D$3,'Visit Log'!$A$2:$A$300,0)),"") | E22: =IFERROR(INDEX('Visit Log'!$AF$2:$AF$300,MATCH($D$3,'Visit Log'!$A$2:$A$300,0)),"")&" - "&IFERROR(INDEX('Visit Log'!$AG$2:$AG$300,MATCH($D$3,'Visit Log'!$A$2:$A$300,0)),"")
A23: UNION CREW 1 (name / role) | D23: NOTES / ISSUES
A24: =IFERROR(INDEX('Visit Log'!$AI$2:$AI$300,MATCH($D$3,'Visit Log'!$A$2:$A$300,0)),"")&" ("&IFERROR(INDEX('Visit Log'!$AJ$2:$AJ$300,MATCH($D$3,'Visit Log'!$A$2:$A$300,0)),"")&")" | D24: =IFERROR(INDEX('Visit Log'!$AK$2:$AK$300,MATCH($D$3,'Visit Log'!$A$2:$A$300,0)),"")
A25: UNION CREW 2 (name / role) | D25: NOTES / ISSUES
A26: =IFERROR(INDEX('Visit Log'!$AL$2:$AL$300,MATCH($D$3,'Visit Log'!$A$2:$A$300,0)),"")&" ("&IFERROR(INDEX('Visit Log'!$AM$2:$AM$300,MATCH($D$3,'Visit Log'!$A$2:$A$300,0)),"")&")" | D26: =IFERROR(INDEX('Visit Log'!$AN$2:$AN$300,MATCH($D$3,'Visit Log'!$A$2:$A$300,0)),"")
A27: UNION CREW 3 (name / role) | D27: NOTES / ISSUES
A28: =IFERROR(INDEX('Visit Log'!$AO$2:$AO$300,MATCH($D$3,'Visit Log'!$A$2:$A$300,0)),"")&" ("&IFERROR(INDEX('Visit Log'!$AP$2:$AP$300,MATCH($D$3,'Visit Log'!$A$2:$A$300,0)),"")&")" | D28: =IFERROR(INDEX('Visit Log'!$AQ$2:$AQ$300,MATCH($D$3,'Visit Log'!$A$2:$A$300,0)),"")
A29: UNION CREW 4 (name / role) | D29: NOTES / ISSUES
A30: =IFERROR(INDEX('Visit Log'!$AR$2:$AR$300,MATCH($D$3,'Visit Log'!$A$2:$A$300,0)),"")&" ("&IFERROR(INDEX('Visit Log'!$AS$2:$AS$300,MATCH($D$3,'Visit Log'!$A$2:$A$300,0)),"")&")" | D30: =IFERROR(INDEX('Visit Log'!$AT$2:$AT$300,MATCH($D$3,'Visit Log'!$A$2:$A$300,0)),"")
A31: SECTION 5 - PRODUCTION NOTES & PROOF OF VISIT
A32: UPM / PRODUCER | E32: PRODUCTION COORDINATOR
A33: =IFERROR(INDEX('Visit Log'!$CS$2:$CS$300,MATCH($D$3,'Visit Log'!$A$2:$A$300,0)),"")&" "&IFERROR(INDEX('Visit Log'!$CT$2:$CT$300,MATCH($D$3,'Visit Log'!$A$2:$A$300,0)),"") | E33: =IFERROR(INDEX('Visit Log'!$CU$2:$CU$300,MATCH($D$3,'Visit Log'!$A$2:$A$300,0)),"")
A34: PROOF OF VISIT | C34: =IFERROR(INDEX('Visit Log'!$T$2:$T$300,MATCH($D$3,'Visit Log'!$A$2:$A$300,0)),"")
A36: VISIT NOTES
A37: =IFERROR(INDEX('Visit Log'!$S$2:$S$300,MATCH($D$3,'Visit Log'!$A$2:$A$300,0)),"")
A38: For Field Representative use. IATSE Studio Mechanics Local 479 - Field Visit Report Form X-4.

Sheet Field Rep Summary
A1: Visit ID | B1: Production | C1: Location Visited | D1: Date Visited | E1: Departments Seen | F1: Proof of Visit | H1: TRACKER TOTALS
A2: =IF('Visit Log'!C2="","",'Visit Log'!A2) | B2: =IF('Visit Log'!C2="","",'Visit Log'!C2) | C2: =IF('Visit Log'!C2="","",'Visit Log'!D2) | D2: =IF('Visit Log'!C2="","",'Visit Log'!B2) | E2: =IF('Visit Log'!C2="","",IF((IF('Visit Log'!AV2="Yes",", Art","")&IF('Visit Log'!AW2="Yes",", Construction","")&IF('Visit Log'!AX2="Yes",", Costumes","")&IF('Visit Log'!AY2="Yes",", Craft Service","")&IF('Visit Log'!AZ2="Yes",", Electrical","")&IF('Visit Log'!BA2="Yes",", Greens","")&IF('Visit Log'!BB2="Yes",", Grip","")&IF('Visit Log'!BC2="Yes",", Locations","")&IF('Visit Log'!BD2="Yes",", Medic","")&IF('Visit Log'!BE2="Yes",", Paint","")&IF('Visit Log'!BF2="Yes",", Plaster","")&IF('Visit Log'!BG2="Yes",", Props","")&IF('Visit Log'!BH2="Yes",", Set Dec","")&IF('Visit Log'!BI2="Yes",", Set Teacher","")&IF('Visit Log'!BJ2="Yes",", Sound","")&IF('Visit Log'!BK2="Yes",", SPFX","")&IF('Visit Log'!BL2="Yes",", Video",""))="","",MID(IF('Visit Log'!AV2="Yes",", Art","")&IF('Visit Log'!AW2="Yes",", Construction","")&IF('Visit Log'!AX2="Yes",", Costumes","")&IF('Visit Log'!AY2="Yes",", Craft Service","")&IF('Visit Log'!AZ2="Yes",", Electrical","")&IF('Visit Log'!BA2="Yes",", Greens","")&IF('Visit Log'!BB2="Yes",", Grip","")&IF('Visit Log'!BC2="Yes",", Locations","")&IF('Visit Log'!BD2="Yes",", Medic","")&IF('Visit Log'!BE2="Yes",", Paint","")&IF('Visit Log'!BF2="Yes",", Plaster","")&IF('Visit Log'!BG2="Yes",", Props","")&IF('Visit Log'!BH2="Yes",", Set Dec","")&IF('Visit Log'!BI2="Yes",", Set Teacher","")&IF('Visit Log'!BJ2="Yes",", Sound","")&IF('Visit Log'!BK2="Yes",", SPFX","")&IF('Visit Log'!BL2="Yes",", Video",""),3,300))) | F2: =IF('Visit Log'!C2="","",'Visit Log'!T2) | H2: Total Visits Logged | I2: =COUNTA('Field Rep Summary'!$A$2:$A$300)
A3: =IF('Visit Log'!C3="","",'Visit Log'!A3) | B3: =IF('Visit Log'!C3="","",'Visit Log'!C3) | C3: =IF('Visit Log'!C3="","",'Visit Log'!D3) | D3: =IF('Visit Log'!C3="","",'Visit Log'!B3) | E3: =IF('Visit Log'!C3="","",IF((IF('Visit Log'!AV3="Yes",", Art","")&IF('Visit Log'!AW3="Yes",", Construction","")&IF('Visit Log'!AX3="Yes",", Costumes","")&IF('Visit Log'!AY3="Yes",", Craft Service","")&IF('Visit Log'!AZ3="Yes",", Electrical","")&IF('Visit Log'!BA3="Yes",", Greens","")&IF('Visit Log'!BB3="Yes",", Grip","")&IF('Visit Log'!BC3="Yes",", Locations","")&IF('Visit Log'!BD3="Yes",", Medic","")&IF('Visit Log'!BE3="Yes",", Paint","")&IF('Visit Log'!BF3="Yes",", Plaster","")&IF('Visit Log'!BG3="Yes",", Props","")&IF('Visit Log'!BH3="Yes",", Set Dec","")&IF('Visit Log'!BI3="Yes",", Set Teacher","")&IF('Visit Log'!BJ3="Yes",", Sound","")&IF('Visit Log'!BK3="Yes",", SPFX","")&IF('Visit Log'!BL3="Yes",", Video",""))="","",MID(IF('Visit Log'!AV3="Yes",", Art","")&IF('Visit Log'!AW3="Yes",", Construction","")&IF('Visit Log'!AX3="Yes",", Costumes","")&IF('Visit Log'!AY3="Yes",", Craft Service","")&IF('Visit Log'!AZ3="Yes",", Electrical","")&IF('Visit Log'!BA3="Yes",", Greens","")&IF('Visit Log'!BB3="Yes",", Grip","")&IF('Visit Log'!BC3="Yes",", Locations","")&IF('Visit Log'!BD3="Yes",", Medic","")&IF('Visit Log'!BE3="Yes",", Paint","")&IF('Visit Log'!BF3="Yes",", Plaster","")&IF('Visit Log'!BG3="Yes",", Props","")&IF('Visit Log'!BH3="Yes",", Set Dec","")&IF('Visit Log'!BI3="Yes",", Set Teacher","")&IF('Visit Log'!BJ3="Yes",", Sound","")&IF('Visit Log'!BK3="Yes",", SPFX","")&IF('Visit Log'!BL3="Yes",", Video",""),3,300))) | F3: =IF('Visit Log'!C3="","",'Visit Log'!T3) | H3: Productions Tracked | I3: =SUMPRODUCT(('Field Rep Summary'!$B$2:$B$300<>"")/COUNTIF('Field Rep Summary'!$B$2:$B$300,'Field Rep Summary'!$B$2:$B$300&""))
A4: =IF('Visit Log'!C4="","",'Visit Log'!A4) | B4: =IF('Visit Log'!C4="","",'Visit Log'!C4) | C4: =IF('Visit Log'!C4="","",'Visit Log'!D4) | D4: =IF('Visit Log'!C4="","",'Visit Log'!B4) | E4: =IF('Visit Log'!C4="","",IF((IF('Visit Log'!AV4="Yes",", Art","")&IF('Visit Log'!AW4="Yes",", Construction","")&IF('Visit Log'!AX4="Yes",", Costumes","")&IF('Visit Log'!AY4="Yes",", Craft Service","")&IF('Visit Log'!AZ4="Yes",", Electrical","")&IF('Visit Log'!BA4="Yes",", Greens","")&IF('Visit Log'!BB4="Yes",", Grip","")&IF('Visit Log'!BC4="Yes",", Locations","")&IF('Visit Log'!BD4="Yes",", Medic","")&IF('Visit Log'!BE4="Yes",", Paint","")&IF('Visit Log'!BF4="Yes",", Plaster","")&IF('Visit Log'!BG4="Yes",", Props","")&IF('Visit Log'!BH4="Yes",", Set Dec","")&IF('Visit Log'!BI4="Yes",", Set Teacher","")&IF('Visit Log'!BJ4="Yes",", Sound","")&IF('Visit Log'!BK4="Yes",", SPFX","")&IF('Visit Log'!BL4="Yes",", Video",""))="","",MID(IF('Visit Log'!AV4="Yes",", Art","")&IF('Visit Log'!AW4="Yes",", Construction","")&IF('Visit Log'!AX4="Yes",", Costumes","")&IF('Visit Log'!AY4="Yes",", Craft Service","")&IF('Visit Log'!AZ4="Yes",", Electrical","")&IF('Visit Log'!BA4="Yes",", Greens","")&IF('Visit Log'!BB4="Yes",", Grip","")&IF('Visit Log'!BC4="Yes",", Locations","")&IF('Visit Log'!BD4="Yes",", Medic","")&IF('Visit Log'!BE4="Yes",", Paint","")&IF('Visit Log'!BF4="Yes",", Plaster","")&IF('Visit Log'!BG4="Yes",", Props","")&IF('Visit Log'!BH4="Yes",", Set Dec","")&IF('Visit Log'!BI4="Yes",", Set Teacher","")&IF('Visit Log'!BJ4="Yes",", Sound","")&IF('Visit Log'!BK4="Yes",", SPFX","")&IF('Visit Log'!BL4="Yes",", Video",""),3,300))) | F4: =IF('Visit Log'!C4="","",'Visit Log'!T4)
A5: =IF('Visit Log'!C5="","",'Visit Log'!A5) | B5: =IF('Visit Log'!C5="","",'Visit Log'!C5) | C5: =IF('Visit Log'!C5="","",'Visit Log'!D5) | D5: =IF('Visit Log'!C5="","",'Visit Log'!B5) | E5: =IF('Visit Log'!C5="","",IF((IF('Visit Log'!AV5="Yes",", Art","")&IF('Visit Log'!AW5="Yes",", Construction","")&IF('Visit Log'!AX5="Yes",", Costumes","")&IF('Visit Log'!AY5="Yes",", Craft Service","")&IF('Visit Log'!AZ5="Yes",", Electrical","")&IF('Visit Log'!BA5="Yes",", Greens","")&IF('Visit Log'!BB5="Yes",", Grip","")&IF('Visit Log'!BC5="Yes",", Locations","")&IF('Visit Log'!BD5="Yes",", Medic","")&IF('Visit Log'!BE5="Yes",", Paint","")&IF('Visit Log'!BF5="Yes",", Plaster","")&IF('Visit Log'!BG5="Yes",", Props","")&IF('Visit Log'!BH5="Yes",", Set Dec","")&IF('Visit Log'!BI5="Yes",", Set Teacher","")&IF('Visit Log'!BJ5="Yes",", Sound","")&IF('Visit Log'!BK5="Yes",", SPFX","")&IF('Visit Log'!BL5="Yes",", Video",""))="","",MID(IF('Visit Log'!AV5="Yes",", Art","")&IF('Visit Log'!AW5="Yes",", Construction","")&IF('Visit Log'!AX5="Yes",", Costumes","")&IF('Visit Log'!AY5="Yes",", Craft Service","")&IF('Visit Log'!AZ5="Yes",", Electrical","")&IF('Visit Log'!BA5="Yes",", Greens","")&IF('Visit Log'!BB5="Yes",", Grip","")&IF('Visit Log'!BC5="Yes",", Locations","")&IF('Visit Log'!BD5="Yes",", Medic","")&IF('Visit Log'!BE5="Yes",", Paint","")&IF('Visit Log'!BF5="Yes",", Plaster","")&IF('Visit Log'!BG5="Yes",", Props","")&IF('Visit Log'!BH5="Yes",", Set Dec","")&IF('Visit Log'!BI5="Yes",", Set Teacher","")&IF('Visit Log'!BJ5="Yes",", Sound","")&IF('Visit Log'!BK5="Yes",", SPFX","")&IF('Visit Log'!BL5="Yes",", Video",""),3,300))) | F5: =IF('Visit Log'!C5="","",'Visit Log'!T5)
A6: =IF('Visit Log'!C6="","",'Visit Log'!A6) | B6: =IF('Visit Log'!C6="","",'Visit Log'!C6) | C6: =IF('Visit Log'!C6="","",'Visit Log'!D6) | D6: =IF('Visit Log'!C6="","",'Visit Log'!B6) | E6: =IF('Visit Log'!C6="","",IF((IF('Visit Log'!AV6="Yes",", Art","")&IF('Visit Log'!AW6="Yes",", Construction","")&IF('Visit Log'!AX6="Yes",", Costumes","")&IF('Visit Log'!AY6="Yes",", Craft Service","")&IF('Visit Log'!AZ6="Yes",", Electrical","")&IF('Visit Log'!BA6="Yes",", Greens","")&IF('Visit Log'!BB6="Yes",", Grip","")&IF('Visit Log'!BC6="Yes",", Locations","")&IF('Visit Log'!BD6="Yes",", Medic","")&IF('Visit Log'!BE6="Yes",", Paint","")&IF('Visit Log'!BF6="Yes",", Plaster","")&IF('Visit Log'!BG6="Yes",", Props","")&IF('Visit Log'!BH6="Yes",", Set Dec","")&IF('Visit Log'!BI6="Yes",", Set Teacher","")&IF('Visit Log'!BJ6="Yes",", Sound","")&IF('Visit Log'!BK6="Yes",", SPFX","")&IF('Visit Log'!BL6="Yes",", Video",""))="","",MID(IF('Visit Log'!AV6="Yes",", Art","")&IF('Visit Log'!AW6="Yes",", Construction","")&IF('Visit Log'!AX6="Yes",", Costumes","")&IF('Visit Log'!AY6="Yes",", Craft Service","")&IF('Visit Log'!AZ6="Yes",", Electrical","")&IF('Visit Log'!BA6="Yes",", Greens","")&IF('Visit Log'!BB6="Yes",", Grip","")&IF('Visit Log'!BC6="Yes",", Locations","")&IF('Visit Log'!BD6="Yes",", Medic","")&IF('Visit Log'!BE6="Yes",", Paint","")&IF('Visit Log'!BF6="Yes",", Plaster","")&IF('Visit Log'!BG6="Yes",", Props","")&IF('Visit Log'!BH6="Yes",", Set Dec","")&IF('Visit Log'!BI6="Yes",", Set Teacher","")&IF('Visit Log'!BJ6="Yes",", Sound","")&IF('Visit Log'!BK6="Yes",", SPFX","")&IF('Visit Log'!BL6="Yes",", Video",""),3,300))) | F6: =IF('Visit Log'!C6="","",'Visit Log'!T6)
A7: =IF('Visit Log'!C7="","",'Visit Log'!A7) | B7: =IF('Visit Log'!C7="","",'Visit Log'!C7) | C7: =IF('Visit Log'!C7="","",'Visit Log'!D7) | D7: =IF('Visit Log'!C7="","",'Visit Log'!B7) | E7: =IF('Visit Log'!C7="","",IF((IF('Visit Log'!AV7="Yes",", Art","")&IF('Visit Log'!AW7="Yes",", Construction","")&IF('Visit Log'!AX7="Yes",", Costumes","")&IF('Visit Log'!AY7="Yes",", Craft Service","")&IF('Visit Log'!AZ7="Yes",", Electrical","")&IF('Visit Log'!BA7="Yes",", Greens","")&IF('Visit Log'!BB7="Yes",", Grip","")&IF('Visit Log'!BC7="Yes",", Locations","")&IF('Visit Log'!BD7="Yes",", Medic","")&IF('Visit Log'!BE7="Yes",", Paint","")&IF('Visit Log'!BF7="Yes",", Plaster","")&IF('Visit Log'!BG7="Yes",", Props","")&IF('Visit Log'!BH7="Yes",", Set Dec","")&IF('Visit Log'!BI7="Yes",", Set Teacher","")&IF('Visit Log'!BJ7="Yes",", Sound","")&IF('Visit Log'!BK7="Yes",", SPFX","")&IF('Visit Log'!BL7="Yes",", Video",""))="","",MID(IF('Visit Log'!AV7="Yes",", Art","")&IF('Visit Log'!AW7="Yes",", Construction","")&IF('Visit Log'!AX7="Yes",", Costumes","")&IF('Visit Log'!AY7="Yes",", Craft Service","")&IF('Visit Log'!AZ7="Yes",", Electrical","")&IF('Visit Log'!BA7="Yes",", Greens","")&IF('Visit Log'!BB7="Yes",", Grip","")&IF('Visit Log'!BC7="Yes",", Locations","")&IF('Visit Log'!BD7="Yes",", Medic","")&IF('Visit Log'!BE7="Yes",", Paint","")&IF('Visit Log'!BF7="Yes",", Plaster","")&IF('Visit Log'!BG7="Yes",", Props","")&IF('Visit Log'!BH7="Yes",", Set Dec","")&IF('Visit Log'!BI7="Yes",", Set Teacher","")&IF('Visit Log'!BJ7="Yes",", Sound","")&IF('Visit Log'!BK7="Yes",", SPFX","")&IF('Visit Log'!BL7="Yes",", Video",""),3,300))) | F7: =IF('Visit Log'!C7="","",'Visit Log'!T7)
A8: =IF('Visit Log'!C8="","",'Visit Log'!A8) | B8: =IF('Visit Log'!C8="","",'Visit Log'!C8) | C8: =IF('Visit Log'!C8="","",'Visit Log'!D8) | D8: =IF('Visit Log'!C8="","",'Visit Log'!B8) | E8: =IF('Visit Log'!C8="","",IF((IF('Visit Log'!AV8="Yes",", Art","")&IF('Visit Log'!AW8="Yes",", Construction","")&IF('Visit Log'!AX8="Yes",", Costumes","")&IF('Visit Log'!AY8="Yes",", Craft Service","")&IF('Visit Log'!AZ8="Yes",", Electrical","")&IF('Visit Log'!BA8="Yes",", Greens","")&IF('Visit Log'!BB8="Yes",", Grip","")&IF('Visit Log'!BC8="Yes",", Locations","")&IF('Visit Log'!BD8="Yes",", Medic","")&IF('Visit Log'!BE8="Yes",", Paint","")&IF('Visit Log'!BF8="Yes",", Plaster","")&IF('Visit Log'!BG8="Yes",", Props","")&IF('Visit Log'!BH8="Yes",", Set Dec","")&IF('Visit Log'!BI8="Yes",", Set Teacher","")&IF('Visit Log'!BJ8="Yes",", Sound","")&IF('Visit Log'!BK8="Yes",", SPFX","")&IF('Visit Log'!BL8="Yes",", Video",""))="","",MID(IF('Visit Log'!AV8="Yes",", Art","")&IF('Visit Log'!AW8="Yes",", Construction","")&IF('Visit Log'!AX8="Yes",", Costumes","")&IF('Visit Log'!AY8="Yes",", Craft Service","")&IF('Visit Log'!AZ8="Yes",", Electrical","")&IF('Visit Log'!BA8="Yes",", Greens","")&IF('Visit Log'!BB8="Yes",", Grip","")&IF('Visit Log'!BC8="Yes",", Locations","")&IF('Visit Log'!BD8="Yes",", Medic","")&IF('Visit Log'!BE8="Yes",", Paint","")&IF('Visit Log'!BF8="Yes",", Plaster","")&IF('Visit Log'!BG8="Yes",", Props","")&IF('Visit Log'!BH8="Yes",", Set Dec","")&IF('Visit Log'!BI8="Yes",", Set Teacher","")&IF('Visit Log'!BJ8="Yes",", Sound","")&IF('Visit Log'!BK8="Yes",", SPFX","")&IF('Visit Log'!BL8="Yes",", Video",""),3,300))) | F8: =IF('Visit Log'!C8="","",'Visit Log'!T8)
A9: =IF('Visit Log'!C9="","",'Visit Log'!A9) | B9: =IF('Visit Log'!C9="","",'Visit Log'!C9) | C9: =IF('Visit Log'!C9="","",'Visit Log'!D9) | D9: =IF('Visit Log'!C9="","",'Visit Log'!B9) | E9: =IF('Visit Log'!C9="","",IF((IF('Visit Log'!AV9="Yes",", Art","")&IF('Visit Log'!AW9="Yes",", Construction","")&IF('Visit Log'!AX9="Yes",", Costumes","")&IF('Visit Log'!AY9="Yes",", Craft Service","")&IF('Visit Log'!AZ9="Yes",", Electrical","")&IF('Visit Log'!BA9="Yes",", Greens","")&IF('Visit Log'!BB9="Yes",", Grip","")&IF('Visit Log'!BC9="Yes",", Locations","")&IF('Visit Log'!BD9="Yes",", Medic","")&IF('Visit Log'!BE9="Yes",", Paint","")&IF('Visit Log'!BF9="Yes",", Plaster","")&IF('Visit Log'!BG9="Yes",", Props","")&IF('Visit Log'!BH9="Yes",", Set Dec","")&IF('Visit Log'!BI9="Yes",", Set Teacher","")&IF('Visit Log'!BJ9="Yes",", Sound","")&IF('Visit Log'!BK9="Yes",", SPFX","")&IF('Visit Log'!BL9="Yes",", Video",""))="","",MID(IF('Visit Log'!AV9="Yes",", Art","")&IF('Visit Log'!AW9="Yes",", Construction","")&IF('Visit Log'!AX9="Yes",", Costumes","")&IF('Visit Log'!AY9="Yes",", Craft Service","")&IF('Visit Log'!AZ9="Yes",", Electrical","")&IF('Visit Log'!BA9="Yes",", Greens","")&IF('Visit Log'!BB9="Yes",", Grip","")&IF('Visit Log'!BC9="Yes",", Locations","")&IF('Visit Log'!BD9="Yes",", Medic","")&IF('Visit Log'!BE9="Yes",", Paint","")&IF('Visit Log'!BF9="Yes",", Plaster","")&IF('Visit Log'!BG9="Yes",", Props","")&IF('Visit Log'!BH9="Yes",", Set Dec","")&IF('Visit Log'!BI9="Yes",", Set Teacher","")&IF('Visit Log'!BJ9="Yes",", Sound","")&IF('Visit Log'!BK9="Yes",", SPFX","")&IF('Visit Log'!BL9="Yes",", Video",""),3,300))) | F9: =IF('Visit Log'!C9="","",'Visit Log'!T9)
A10: =IF('Visit Log'!C10="","",'Visit Log'!A10) | B10: =IF('Visit Log'!C10="","",'Visit Log'!C10) | C10: =IF('Visit Log'!C10="","",'Visit Log'!D10) | D10: =IF('Visit Log'!C10="","",'Visit Log'!B10) | E10: =IF('Visit Log'!C10="","",IF((IF('Visit Log'!AV10="Yes",", Art","")&IF('Visit Log'!AW10="Yes",", Construction","")&IF('Visit Log'!AX10="Yes",", Costumes","")&IF('Visit Log'!AY10="Yes",", Craft Service","")&IF('Visit Log'!AZ10="Yes",", Electrical","")&IF('Visit Log'!BA10="Yes",", Greens","")&IF('Visit Log'!BB10="Yes",", Grip","")&IF('Visit Log'!BC10="Yes",", Locations","")&IF('Visit Log'!BD10="Yes",", Medic","")&IF('Visit Log'!BE10="Yes",", Paint","")&IF('Visit Log'!BF10="Yes",", Plaster","")&IF('Visit Log'!BG10="Yes",", Props","")&IF('Visit Log'!BH10="Yes",", Set Dec","")&IF('Visit Log'!BI10="Yes",", Set Teacher","")&IF('Visit Log'!BJ10="Yes",", Sound","")&IF('Visit Log'!BK10="Yes",", SPFX","")&IF('Visit Log'!BL10="Yes",", Video",""))="","",MID(IF('Visit Log'!AV10="Yes",", Art","")&IF('Visit Log'!AW10="Yes",", Construction","")&IF('Visit Log'!AX10="Yes",", Costumes","")&IF('Visit Log'!AY10="Yes",", Craft Service","")&IF('Visit Log'!AZ10="Yes",", Electrical","")&IF('Visit Log'!BA10="Yes",", Greens","")&IF('Visit Log'!BB10="Yes",", Grip","")&IF('Visit Log'!BC10="Yes",", Locations","")&IF('Visit Log'!BD10="Yes",", Medic","")&IF('Visit Log'!BE10="Yes",", Paint","")&IF('Visit Log'!BF10="Yes",", Plaster","")&IF('Visit Log'!BG10="Yes",", Props","")&IF('Visit Log'!BH10="Yes",", Set Dec","")&IF('Visit Log'!BI10="Yes",", Set Teacher","")&IF('Visit Log'!BJ10="Yes",", Sound","")&IF('Visit Log'!BK10="Yes",", SPFX","")&IF('Visit Log'!BL10="Yes",", Video",""),3,300))) | F10: =IF('Visit Log'!C10="","",'Visit Log'!T10)
A11: =IF('Visit Log'!C11="","",'Visit Log'!A11) | B11: =IF('Visit Log'!C11="","",'Visit Log'!C11) | C11: =IF('Visit Log'!C11="","",'Visit Log'!D11) | D11: =IF('Visit Log'!C11="","",'Visit Log'!B11) | E11: =IF('Visit Log'!C11="","",IF((IF('Visit Log'!AV11="Yes",", Art","")&IF('Visit Log'!AW11="Yes",", Construction","")&IF('Visit Log'!AX11="Yes",", Costumes","")&IF('Visit Log'!AY11="Yes",", Craft Service","")&IF('Visit Log'!AZ11="Yes",", Electrical","")&IF('Visit Log'!BA11="Yes",", Greens","")&IF('Visit Log'!BB11="Yes",", Grip","")&IF('Visit Log'!BC11="Yes",", Locations","")&IF('Visit Log'!BD11="Yes",", Medic","")&IF('Visit Log'!BE11="Yes",", Paint","")&IF('Visit Log'!BF11="Yes",", Plaster","")&IF('Visit Log'!BG11="Yes",", Props","")&IF('Visit Log'!BH11="Yes",", Set Dec","")&IF('Visit Log'!BI11="Yes",", Set Teacher","")&IF('Visit Log'!BJ11="Yes",", Sound","")&IF('Visit Log'!BK11="Yes",", SPFX","")&IF('Visit Log'!BL11="Yes",", Video",""))="","",MID(IF('Visit Log'!AV11="Yes",", Art","")&IF('Visit Log'!AW11="Yes",", Construction","")&IF('Visit Log'!AX11="Yes",", Costumes","")&IF('Visit Log'!AY11="Yes",", Craft Service","")&IF('Visit Log'!AZ11="Yes",", Electrical","")&IF('Visit Log'!BA11="Yes",", Greens","")&IF('Visit Log'!BB11="Yes",", Grip","")&IF('Visit Log'!BC11="Yes",", Locations","")&IF('Visit Log'!BD11="Yes",", Medic","")&IF('Visit Log'!BE11="Yes",", Paint","")&IF('Visit Log'!BF11="Yes",", Plaster","")&IF('Visit Log'!BG11="Yes",", Props","")&IF('Visit Log'!BH11="Yes",", Set Dec","")&IF('Visit Log'!BI11="Yes",", Set Teacher","")&IF('Visit Log'!BJ11="Yes",", Sound","")&IF('Visit Log'!BK11="Yes",", SPFX","")&IF('Visit Log'!BL11="Yes",", Video",""),3,300))) | F11: =IF('Visit Log'!C11="","",'Visit Log'!T11)
A12: =IF('Visit Log'!C12="","",'Visit Log'!A12) | B12: =IF('Visit Log'!C12="","",'Visit Log'!C12) | C12: =IF('Visit Log'!C12="","",'Visit Log'!D12) | D12: =IF('Visit Log'!C12="","",'Visit Log'!B12) | E12: =IF('Visit Log'!C12="","",IF((IF('Visit Log'!AV12="Yes",", Art","")&IF('Visit Log'!AW12="Yes",", Construction","")&IF('Visit Log'!AX12="Yes",", Costumes","")&IF('Visit Log'!AY12="Yes",", Craft Service","")&IF('Visit Log'!AZ12="Yes",", Electrical","")&IF('Visit Log'!BA12="Yes",", Greens","")&IF('Visit Log'!BB12="Yes",", Grip","")&IF('Visit Log'!BC12="Yes",", Locations","")&IF('Visit Log'!BD12="Yes",", Medic","")&IF('Visit Log'!BE12="Yes",", Paint","")&IF('Visit Log'!BF12="Yes",", Plaster","")&IF('Visit Log'!BG12="Yes",", Props","")&IF('Visit Log'!BH12="Yes",", Set Dec","")&IF('Visit Log'!BI12="Yes",", Set Teacher","")&IF('Visit Log'!BJ12="Yes",", Sound","")&IF('Visit Log'!BK12="Yes",", SPFX","")&IF('Visit Log'!BL12="Yes",", Video",""))="","",MID(IF('Visit Log'!AV12="Yes",", Art","")&IF('Visit Log'!AW12="Yes",", Construction","")&IF('Visit Log'!AX12="Yes",", Costumes","")&IF('Visit Log'!AY12="Yes",", Craft Service","")&IF('Visit Log'!AZ12="Yes",", Electrical","")&IF('Visit Log'!BA12="Yes",", Greens","")&IF('Visit Log'!BB12="Yes",", Grip","")&IF('Visit Log'!BC12="Yes",", Locations","")&IF('Visit Log'!BD12="Yes",", Medic","")&IF('Visit Log'!BE12="Yes",", Paint","")&IF('Visit Log'!BF12="Yes",", Plaster","")&IF('Visit Log'!BG12="Yes",", Props","")&IF('Visit Log'!BH12="Yes",", Set Dec","")&IF('Visit Log'!BI12="Yes",", Set Teacher","")&IF('Visit Log'!BJ12="Yes",", Sound","")&IF('Visit Log'!BK12="Yes",", SPFX","")&IF('Visit Log'!BL12="Yes",", Video",""),3,300))) | F12: =IF('Visit Log'!C12="","",'Visit Log'!T12)
A13: =IF('Visit Log'!C13="","",'Visit Log'!A13) | B13: =IF('Visit Log'!C13="","",'Visit Log'!C13) | C13: =IF('Visit Log'!C13="","",'Visit Log'!D13) | D13: =IF('Visit Log'!C13="","",'Visit Log'!B13) | E13: =IF('Visit Log'!C13="","",IF((IF('Visit Log'!AV13="Yes",", Art","")&IF('Visit Log'!AW13="Yes",", Construction","")&IF('Visit Log'!AX13="Yes",", Costumes","")&IF('Visit Log'!AY13="Yes",", Craft Service","")&IF('Visit Log'!AZ13="Yes",", Electrical","")&IF('Visit Log'!BA13="Yes",", Greens","")&IF('Visit Log'!BB13="Yes",", Grip","")&IF('Visit Log'!BC13="Yes",", Locations","")&IF('Visit Log'!BD13="Yes",", Medic","")&IF('Visit Log'!BE13="Yes",", Paint","")&IF('Visit Log'!BF13="Yes",", Plaster","")&IF('Visit Log'!BG13="Yes",", Props","")&IF('Visit Log'!BH13="Yes",", Set Dec","")&IF('Visit Log'!BI13="Yes",", Set Teacher","")&IF('Visit Log'!BJ13="Yes",", Sound","")&IF('Visit Log'!BK13="Yes",", SPFX","")&IF('Visit Log'!BL13="Yes",", Video",""))="","",MID(IF('Visit Log'!AV13="Yes",", Art","")&IF('Visit Log'!AW13="Yes",", Construction","")&IF('Visit Log'!AX13="Yes",", Costumes","")&IF('Visit Log'!AY13="Yes",", Craft Service","")&IF('Visit Log'!AZ13="Yes",", Electrical","")&IF('Visit Log'!BA13="Yes",", Greens","")&IF('Visit Log'!BB13="Yes",", Grip","")&IF('Visit Log'!BC13="Yes",", Locations","")&IF('Visit Log'!BD13="Yes",", Medic","")&IF('Visit Log'!BE13="Yes",", Paint","")&IF('Visit Log'!BF13="Yes",", Plaster","")&IF('Visit Log'!BG13="Yes",", Props","")&IF('Visit Log'!BH13="Yes",", Set Dec","")&IF('Visit Log'!BI13="Yes",", Set Teacher","")&IF('Visit Log'!BJ13="Yes",", Sound","")&IF('Visit Log'!BK13="Yes",", SPFX","")&IF('Visit Log'!BL13="Yes",", Video",""),3,300))) | F13: =IF('Visit Log'!C13="","",'Visit Log'!T13)
A14: =IF('Visit Log'!C14="","",'Visit Log'!A14) | B14: =IF('Visit Log'!C14="","",'Visit Log'!C14) | C14: =IF('Visit Log'!C14="","",'Visit Log'!D14) | D14: =IF('Visit Log'!C14="","",'Visit Log'!B14) | E14: =IF('Visit Log'!C14="","",IF((IF('Visit Log'!AV14="Yes",", Art","")&IF('Visit Log'!AW14="Yes",", Construction","")&IF('Visit Log'!AX14="Yes",", Costumes","")&IF('Visit Log'!AY14="Yes",", Craft Service","")&IF('Visit Log'!AZ14="Yes",", Electrical","")&IF('Visit Log'!BA14="Yes",", Greens","")&IF('Visit Log'!BB14="Yes",", Grip","")&IF('Visit Log'!BC14="Yes",", Locations","")&IF('Visit Log'!BD14="Yes",", Medic","")&IF('Visit Log'!BE14="Yes",", Paint","")&IF('Visit Log'!BF14="Yes",", Plaster","")&IF('Visit Log'!BG14="Yes",", Props","")&IF('Visit Log'!BH14="Yes",", Set Dec","")&IF('Visit Log'!BI14="Yes",", Set Teacher","")&IF('Visit Log'!BJ14="Yes",", Sound","")&IF('Visit Log'!BK14="Yes",", SPFX","")&IF('Visit Log'!BL14="Yes",", Video",""))="","",MID(IF('Visit Log'!AV14="Yes",", Art","")&IF('Visit Log'!AW14="Yes",", Construction","")&IF('Visit Log'!AX14="Yes",", Costumes","")&IF('Visit Log'!AY14="Yes",", Craft Service","")&IF('Visit Log'!AZ14="Yes",", Electrical","")&IF('Visit Log'!BA14="Yes",", Greens","")&IF('Visit Log'!BB14="Yes",", Grip","")&IF('Visit Log'!BC14="Yes",", Locations","")&IF('Visit Log'!BD14="Yes",", Medic","")&IF('Visit Log'!BE14="Yes",", Paint","")&IF('Visit Log'!BF14="Yes",", Plaster","")&IF('Visit Log'!BG14="Yes",", Props","")&IF('Visit Log'!BH14="Yes",", Set Dec","")&IF('Visit Log'!BI14="Yes",", Set Teacher","")&IF('Visit Log'!BJ14="Yes",", Sound","")&IF('Visit Log'!BK14="Yes",", SPFX","")&IF('Visit Log'!BL14="Yes",", Video",""),3,300))) | F14: =IF('Visit Log'!C14="","",'Visit Log'!T14)
A15: =IF('Visit Log'!C15="","",'Visit Log'!A15) | B15: =IF('Visit Log'!C15="","",'Visit Log'!C15) | C15: =IF('Visit Log'!C15="","",'Visit Log'!D15) | D15: =IF('Visit Log'!C15="","",'Visit Log'!B15) | E15: =IF('Visit Log'!C15="","",IF((IF('Visit Log'!AV15="Yes",", Art","")&IF('Visit Log'!AW15="Yes",", Construction","")&IF('Visit Log'!AX15="Yes",", Costumes","")&IF('Visit Log'!AY15="Yes",", Craft Service","")&IF('Visit Log'!AZ15="Yes",", Electrical","")&IF('Visit Log'!BA15="Yes",", Greens","")&IF('Visit Log'!BB15="Yes",", Grip","")&IF('Visit Log'!BC15="Yes",", Locations","")&IF('Visit Log'!BD15="Yes",", Medic","")&IF('Visit Log'!BE15="Yes",", Paint","")&IF('Visit Log'!BF15="Yes",", Plaster","")&IF('Visit Log'!BG15="Yes",", Props","")&IF('Visit Log'!BH15="Yes",", Set Dec","")&IF('Visit Log'!BI15="Yes",", Set Teacher","")&IF('Visit Log'!BJ15="Yes",", Sound","")&IF('Visit Log'!BK15="Yes",", SPFX","")&IF('Visit Log'!BL15="Yes",", Video",""))="","",MID(IF('Visit Log'!AV15="Yes",", Art","")&IF('Visit Log'!AW15="Yes",", Construction","")&IF('Visit Log'!AX15="Yes",", Costumes","")&IF('Visit Log'!AY15="Yes",", Craft Service","")&IF('Visit Log'!AZ15="Yes",", Electrical","")&IF('Visit Log'!BA15="Yes",", Greens","")&IF('Visit Log'!BB15="Yes",", Grip","")&IF('Visit Log'!BC15="Yes",", Locations","")&IF('Visit Log'!BD15="Yes",", Medic","")&IF('Visit Log'!BE15="Yes",", Paint","")&IF('Visit Log'!BF15="Yes",", Plaster","")&IF('Visit Log'!BG15="Yes",", Props","")&IF('Visit Log'!BH15="Yes",", Set Dec","")&IF('Visit Log'!BI15="Yes",", Set Teacher","")&IF('Visit Log'!BJ15="Yes",", Sound","")&IF('Visit Log'!BK15="Yes",", SPFX","")&IF('Visit Log'!BL15="Yes",", Video",""),3,300))) | F15: =IF('Visit Log'!C15="","",'Visit Log'!T15)
... A300: =IF('Visit Log'!C300="","",'Visit Log'!A300) | B300: =IF('Visit Log'!C300="","",'Visit Log'!C300) | C300: =IF('Visit Log'!C300="","",'Visit Log'!D300) | D300: =IF('Visit Log'!C300="","",'Visit Log'!B300) | E300: =IF('Visit Log'!C300="","",IF((IF('Visit Log'!AV300="Yes",", Art","")&IF('Visit Log'!AW300="Yes",", Construction","")&IF('Visit Log'!AX300="Yes",", Costumes","")&IF('Visit Log'!AY300="Yes",", Craft Service","")&IF('Visit Log'!AZ300="Yes",", Electrical","")&IF('Visit Log'!BA300="Yes",", Greens","")&IF('Visit Log'!BB300="Yes",", Grip","")&IF('Visit Log'!BC300="Yes",", Locations","")&IF('Visit Log'!BD300="Yes",", Medic","")&IF('Visit Log'!BE300="Yes",", Paint","")&IF('Visit Log'!BF300="Yes",", Plaster","")&IF('Visit Log'!BG300="Yes",", Props","")&IF('Visit Log'!BH300="Yes",", Set Dec","")&IF('Visit Log'!BI300="Yes",", Set Teacher","")&IF('Visit Log'!BJ300="Yes",", Sound","")&IF('Visit Log'!BK300="Yes",", SPFX","")&IF('Visit Log'!BL300="Yes",", Video",""))="","",MID(IF('Visit Log'!AV300="Yes",", Art","")&IF('Visit Log'!AW300="Yes",", Construction","")&IF('Visit Log'!AX300="Yes",", Costumes","")&IF('Visit Log'!AY300="Yes",", Craft Service","")&IF('Visit Log'!AZ300="Yes",", Electrical","")&IF('Visit Log'!BA300="Yes",", Greens","")&IF('Visit Log'!BB300="Yes",", Grip","")&IF('Visit Log'!BC300="Yes",", Locations","")&IF('Visit Log'!BD300="Yes",", Medic","")&IF('Visit Log'!BE300="Yes",", Paint","")&IF('Visit Log'!BF300="Yes",", Plaster","")&IF('Visit Log'!BG300="Yes",", Props","")&IF('Visit Log'!BH300="Yes",", Set Dec","")&IF('Visit Log'!BI300="Yes",", Set Teacher","")&IF('Visit Log'!BJ300="Yes",", Sound","")&IF('Visit Log'!BK300="Yes",", SPFX","")&IF('Visit Log'!BL300="Yes",", Video",""),3,300))) | F300: =IF('Visit Log'!C300="","",'Visit Log'!T300)

Sheet Visit Log
A1: Visit ID | B1: Date of Visit | C1: Production Title | D1: Location Visited | E1: Field Representative | F1: L479 No. | G1: Date Production Notified | H1: Production Phase | I1: Arrival Time | J1: Departure Time | K1: Reason for Visit | L1: Crew Call | M1: Crew Day | N1: Area: Stage | O1: Area: Location | P1: Area: Mill | Q1: Area: Lockup | R1: Area: Other | S1: Visit Notes | T1: Proof of Visit | U1: Wx: Sunny | V1: Wx: Cloudy | W1: Wx: Rain | X1: Wx: Snow | Y1: Wx: Lightning | Z1: Wx: Winds | AA1: Wx: Extreme Cold | AB1: Wx: Extreme Heat | AC1: Steward 1 Name | AD1: Steward 1 Status | AE1: Steward 1 Start Date | AF1: Steward 2 Name | AG1: Steward 2 Status | AH1: Steward 2 Start Date | AI1: Union Crew 1 Name | AJ1: Union Crew 1 Role | AK1: Union Crew 1 Notes/Issues | AL1: Union Crew 2 Name | AM1: Union Crew 2 Role | AN1: Union Crew 2 Notes/Issues | AO1: Union Crew 3 Name | AP1: Union Crew 3 Role | AQ1: Union Crew 3 Notes/Issues | AR1: Union Crew 4 Name | AS1: Union Crew 4 Role | AT1: Union Crew 4 Notes/Issues | AU1: Section 2 Notes | AV1: Dept: Art | AW1: Dept: Construction | AX1: Dept: Costumes | AY1: Dept: Craft Service | AZ1: Dept: Electrical | BA1: Dept: Greens | BB1: Dept: Grip | BC1: Dept: Locations | BD1: Dept: Medic | BE1: Dept: Paint | BF1: Dept: Plaster | BG1: Dept: Props | BH1: Dept: Set Dec | BI1: Dept: Set Teacher | BJ1: Dept: Sound | BK1: Dept: SPFX | BL1: Dept: Video | BM1: Non-Union 1 Name | BN1: Non-Union 1 Dept | BO1: Non-Union 2 Name | BP1: Non-Union 2 Dept | BQ1: Non-Union 3 Name | BR1: Non-Union 3 Dept | BS1: Non-Union 4 Name | BT1: Non-Union 4 Dept | BU1: Non-Union 5 Name | BV1: Non-Union 5 Dept | BW1: Non-Union 6 Name | BX1: Non-Union 6 Dept | BY1: Non-Union 7 Name | BZ1: Non-Union 7 Dept | CA1: Non-Union 8 Name | CB1: Non-Union 8 Dept | CC1: Section 3 Notes | CD1: Apparel 1 Name | CE1: Apparel 1 Phone | CF1: Apparel 1 Size | CG1: Apparel 2 Name | CH1: Apparel 2 Phone | CI1: Apparel 2 Size | CJ1: Apparel 3 Name | CK1: Apparel 3 Phone | CL1: Apparel 3 Size | CM1: Apparel 4 Name | CN1: Apparel 4 Phone | CO1: Apparel 4 Size | CP1: Apparel 5 Name | CQ1: Apparel 5 Phone | CR1: Apparel 5 Size | CS1: UPM/Producer 1 | CT1: UPM/Producer 2 | CU1: Production Coordinator | CV1: Follow-up: IATSE Project Info Sheet | CW1: Follow-up: Current Crewlist | CX1: Follow-up: 479 Roster Provided | CY1: Follow-up: Availability List Provided | CZ1: Follow-up: Lunch Reporting Schedule | DA1: Section 5 Notes | DB1: # Union Crew | DC1: # Non-Union | DD1: # Depts Visited | DE1: # Follow-ups Done
A2: 2026-001 | B2: 2026-07-15 | C2: Northern Lights (S2) | D2: Stage 4, Pinewood Studios | E2: J. Doe | F2: 250415-001 | G2: 2026-07-10 | H2: Shooting | I2: 9:30 AM | J2: 1:15 PM | K2: routine | L2: 7:00 AM | M2: Day | N2: Yes | O2: Yes | S2: All quiet. Stage 4 base camp. | T2: Emailed production | V2: Yes | Z2: Yes | AC2: A. Smith | AD2: On Production | AE2: 2026-06-01 | AI2: R. Lee | AJ2: Key | AK2: None | AL2: M. Ford | AM2: 2nd | AZ2: Yes | BB2: Yes | BH2: Yes | BM2: T. Nguyen | BN2: Construction | CD2: R. Lee | CE2: 555-0142 | CF2: Large | CS2: C. Ramos | CU2: D. Park | CW2: Yes | CX2: Yes | DA2: Requested updated crew list; provided 479 roster. | DB2: =IF(C2="","",COUNTA(AI2,AL2,AO2,AR2)) | DC2: =IF(C2="","",COUNTA(BM2,BO2,BQ2,BS2,BU2,BW2,BY2,CA2)) | DD2: =IF(C2="","",COUNTIF(AV2:BL2,"Yes")) | DE2: =IF(C2="","",COUNTIF(CV2:CZ2,"Yes"))
DB3: =IF(C3="","",COUNTA(AI3,AL3,AO3,AR3)) | DC3: =IF(C3="","",COUNTA(BM3,BO3,BQ3,BS3,BU3,BW3,BY3,CA3)) | DD3: =IF(C3="","",COUNTIF(AV3:BL3,"Yes")) | DE3: =IF(C3="","",COUNTIF(CV3:CZ3,"Yes"))
DB4: =IF(C4="","",COUNTA(AI4,AL4,AO4,AR4)) | DC4: =IF(C4="","",COUNTA(BM4,BO4,BQ4,BS4,BU4,BW4,BY4,CA4)) | DD4: =IF(C4="","",COUNTIF(AV4:BL4,"Yes")) | DE4: =IF(C4="","",COUNTIF(CV4:CZ4,"Yes"))
DB5: =IF(C5="","",COUNTA(AI5,AL5,AO5,AR5)) | DC5: =IF(C5="","",COUNTA(BM5,BO5,BQ5,BS5,BU5,BW5,BY5,CA5)) | DD5: =IF(C5="","",COUNTIF(AV5:BL5,"Yes")) | DE5: =IF(C5="","",COUNTIF(CV5:CZ5,"Yes"))
DB6: =IF(C6="","",COUNTA(AI6,AL6,AO6,AR6)) | DC6: =IF(C6="","",COUNTA(BM6,BO6,BQ6,BS6,BU6,BW6,BY6,CA6)) | DD6: =IF(C6="","",COUNTIF(AV6:BL6,"Yes")) | DE6: =IF(C6="","",COUNTIF(CV6:CZ6,"Yes"))
DB7: =IF(C7="","",COUNTA(AI7,AL7,AO7,AR7)) | DC7: =IF(C7="","",COUNTA(BM7,BO7,BQ7,BS7,BU7,BW7,BY7,CA7)) | DD7: =IF(C7="","",COUNTIF(AV7:BL7,"Yes")) | DE7: =IF(C7="","",COUNTIF(CV7:CZ7,"Yes"))
DB8: =IF(C8="","",COUNTA(AI8,AL8,AO8,AR8)) | DC8: =IF(C8="","",COUNTA(BM8,BO8,BQ8,BS8,BU8,BW8,BY8,CA8)) | DD8: =IF(C8="","",COUNTIF(AV8:BL8,"Yes")) | DE8: =IF(C8="","",COUNTIF(CV8:CZ8,"Yes"))
DB9: =IF(C9="","",COUNTA(AI9,AL9,AO9,AR9)) | DC9: =IF(C9="","",COUNTA(BM9,BO9,BQ9,BS9,BU9,BW9,BY9,CA9)) | DD9: =IF(C9="","",COUNTIF(AV9:BL9,"Yes")) | DE9: =IF(C9="","",COUNTIF(CV9:CZ9,"Yes"))
DB10: =IF(C10="","",COUNTA(AI10,AL10,AO10,AR10)) | DC10: =IF(C10="","",COUNTA(BM10,BO10,BQ10,BS10,BU10,BW10,BY10,CA10)) | DD10: =IF(C10="","",COUNTIF(AV10:BL10,"Yes")) | DE10: =IF(C10="","",COUNTIF(CV10:CZ10,"Yes"))
DB11: =IF(C11="","",COUNTA(AI11,AL11,AO11,AR11)) | DC11: =IF(C11="","",COUNTA(BM11,BO11,BQ11,BS11,BU11,BW11,BY11,CA11)) | DD11: =IF(C11="","",COUNTIF(AV11:BL11,"Yes")) | DE11: =IF(C11="","",COUNTIF(CV11:CZ11,"Yes"))
DB12: =IF(C12="","",COUNTA(AI12,AL12,AO12,AR12)) | DC12: =IF(C12="","",COUNTA(BM12,BO12,BQ12,BS12,BU12,BW12,BY12,CA12)) | DD12: =IF(C12="","",COUNTIF(AV12:BL12,"Yes")) | DE12: =IF(C12="","",COUNTIF(CV12:CZ12,"Yes"))
DB13: =IF(C13="","",COUNTA(AI13,AL13,AO13,AR13)) | DC13: =IF(C13="","",COUNTA(BM13,BO13,BQ13,BS13,BU13,BW13,BY13,CA13)) | DD13: =IF(C13="","",COUNTIF(AV13:BL13,"Yes")) | DE13: =IF(C13="","",COUNTIF(CV13:CZ13,"Yes"))
DB14: =IF(C14="","",COUNTA(AI14,AL14,AO14,AR14)) | DC14: =IF(C14="","",COUNTA(BM14,BO14,BQ14,BS14,BU14,BW14,BY14,CA14)) | DD14: =IF(C14="","",COUNTIF(AV14:BL14,"Yes")) | DE14: =IF(C14="","",COUNTIF(CV14:CZ14,"Yes"))
... DB300: =IF(C300="","",COUNTA(AI300,AL300,AO300,AR300)) | DC300: =IF(C300="","",COUNTA(BM300,BO300,BQ300,BS300,BU300,BW300,BY300,CA300)) | DD300: =IF(C300="","",COUNTIF(AV300:BL300,"Yes")) | DE300: =IF(C300="","",COUNTIF(CV300:CZ300,"Yes"))
